,Document,ordinanceCode,formCode,DocumentClass
0,有価証券通知書,10,010000,有価証券通知書
1,変更有価証券通知書,10,010001,変更通知書（有価証券通知書）
2,有価証券届出書（通常方式）,10,020000,有価証券届出書
3,訂正有価証券届出書（通常方式）,10,020001,訂正有価証券届出書
4,有価証券届出書（組込方式）,10,022000,有価証券届出書
5,訂正有価証券届出書（組込方式）,10,022001,訂正有価証券届出書
6,有価証券届出書（参照方式）,10,023000,有価証券届出書
7,訂正有価証券届出書（参照方式）,10,023001,訂正有価証券届出書
8,有価証券届出書（新規公開時）,10,024000,有価証券届出書
9,訂正有価証券届出書（新規公開時）,10,024001,訂正有価証券届出書
10,有価証券届出書（少額募集等）,10,025000,有価証券届出書
11,訂正有価証券届出書（少額募集等）,10,025001,訂正有価証券届出書
12,有価証券届出書（組織再編成）,10,026000,有価証券届出書
13,訂正有価証券届出書（組織再編成）,10,026001,訂正有価証券届出書
14,有価証券届出書（組織再編成・上場）,10,027000,有価証券届出書
15,訂正有価証券届出書（組織再編成・上場）,10,027001,訂正有価証券届出書
16,有価証券報告書,10,030000,有価証券報告書
17,訂正有価証券報告書,10,030001,訂正有価証券報告書
18,有価証券報告書（少額募集等）,10,032000,有価証券報告書
19,訂正有価証券報告書（少額募集等）,10,032001,訂正有価証券報告書
20,有価証券報告書（法24条3項に基づくもの）,10,040000,有価証券報告書
21,訂正有価証券報告書（法24条3項に基づくもの）,10,040001,訂正有価証券報告書
22,確認書,10,042000,確認書
23,訂正確認書,10,042001,訂正確認書
24,確認書,10,042100,確認書
25,確認書,10,042200,確認書
26,確認書,10,042300,確認書
27,四半期報告書,10,043000,四半期報告書
28,訂正四半期報告書,10,043001,訂正四半期報告書
29,半期報告書,10,050000,半期報告書
30,訂正半期報告書,10,050001,訂正半期報告書
31,半期報告書（少額募集等）,10,052000,半期報告書
32,訂正半期報告書（少額募集等）,10,052001,訂正半期報告書
33,臨時報告書,10,053000,臨時報告書
34,訂正臨時報告書,10,053001,訂正臨時報告書
35,親会社等状況報告書（内国会社）,10,054000,親会社等状況報告書
36,訂正親会社等状況報告書（内国会社）,10,054001,訂正親会社等状況報告書
37,有価証券通知書,10,060000,有価証券通知書
38,変更有価証券通知書,10,060001,変更通知書（有価証券通知書）
39,有価証券届出書（通常方式）,10,070000,有価証券届出書
40,訂正有価証券届出書（通常方式）,10,070001,訂正有価証券届出書
41,有価証券届出書（組込方式）,10,072000,有価証券届出書
42,訂正有価証券届出書（組込方式）,10,072001,訂正有価証券届出書
43,有価証券届出書（参照方式）,10,073000,有価証券届出書
44,訂正有価証券届出書（参照方式）,10,073001,訂正有価証券届出書
45,有価証券届出書（組織再編成）,10,074000,有価証券届出書
46,訂正有価証券届出書（組織再編成）,10,074001,訂正有価証券届出書
47,外国会社届出書,10,075000,有価証券届出書
48,外国会社訂正届出書,10,075001,訂正有価証券届出書
49,有価証券報告書,10,080000,有価証券報告書
50,訂正有価証券報告書,10,080001,訂正有価証券報告書
51,外国会社報告書,10,082000,有価証券報告書
52,外国会社訂正報告書,10,082001,訂正有価証券報告書
53,外国会社確認書,10,082100,確認書
54,外国会社訂正確認書,10,082101,訂正確認書
55,外国会社四半期報告書,10,082200,四半期報告書
56,外国会社四半期訂正報告書,10,082201,訂正四半期報告書
57,外国会社半期報告書,10,082300,半期報告書
58,外国会社半期訂正報告書,10,082301,訂正半期報告書
59,外国会社確認書,10,082400,確認書
60,外国会社確認書,10,082500,確認書
61,外国会社確認書,10,082600,確認書
62,有価証券報告書（法24条3項に基づくもの）,10,090000,有価証券報告書
63,訂正有価証券報告書（法24条3項に基づくもの）,10,090001,訂正有価証券報告書
64,確認書,10,092000,確認書
65,訂正確認書,10,092001,訂正確認書
66,確認書,10,092100,確認書
67,確認書,10,092200,確認書
68,確認書,10,092300,確認書
69,四半期報告書,10,093000,四半期報告書
70,訂正四半期報告書,10,093001,訂正四半期報告書
71,半期報告書,10,100000,半期報告書
72,訂正半期報告書,10,100001,訂正半期報告書
73,臨時報告書,10,102000,臨時報告書
74,訂正臨時報告書,10,102001,訂正臨時報告書
75,外国会社臨時報告書,10,102100,臨時報告書
76,訂正外国会社臨時報告書,10,102101,訂正臨時報告書
77,親会社等状況報告書（外国会社）,10,103000,親会社等状況報告書
78,訂正親会社等状況報告書（外国会社）,10,103001,訂正親会社等状況報告書
79,外国親会社等状況報告書,10,104000,親会社等状況報告書
80,訂正外国親会社等状況報告書,10,104001,訂正親会社等状況報告書
81,発行登録書（株券､社債券等）,10,110000,発行登録書
82,発行登録書（CP）,10,112000,発行登録書
83,訂正発行登録書,10,113001,訂正発行登録書
84,発行登録取下届出書,10,114004,発行登録取下届出書
85,発行登録書,10,11A000,発行登録書
86,発行登録追補書類（株券､社債券等）,10,120003,発行登録追補書類
87,発行登録追補書類（CP）,10,122003,発行登録追補書類
88,変更発行登録通知書,10,130001,変更通知書（発行登録通知書）
89,発行登録通知書,10,130005,発行登録通知書
90,発行登録書,10,140000,発行登録書
91,訂正発行登録書,10,142001,訂正発行登録書
92,発行登録取下届出書,10,143004,発行登録取下届出書
93,発行登録書,10,144000,発行登録書
94,発行登録追補書類,10,150003,発行登録追補書類
95,変更発行登録通知書,10,160001,変更通知書（発行登録通知書）
96,発行登録通知書,10,160005,発行登録通知書
97,自己株券買付状況報告書（法２４条の６第１項に基づくもの）,10,170000,自己株券買付状況報告書
98,訂正自己株券買付状況報告書（法２４条の６第１項に基づくもの）,10,170001,訂正自己株券買付状況報告書
99,XBRLの修正（内国会社－有価証券届出書）,10,701001,訂正有価証券届出書
100,XBRLの修正（内国会社－有価証券報告書）,10,702001,訂正有価証券報告書
101,XBRLの修正（内国会社－四半期報告書）,10,703001,訂正四半期報告書
102,XBRLの修正（内国会社－半期報告書）,10,704001,訂正半期報告書
103,XBRLの修正（外国会社－有価証券届出書）,10,711001,訂正有価証券届出書
104,XBRLの修正（外国会社－有価証券報告書）,10,712001,訂正有価証券報告書
105,XBRLの修正（外国会社－四半期報告書）,10,713001,訂正四半期報告書
106,XBRLの修正（外国会社－半期報告書）,10,714001,訂正半期報告書
107,XBRLの修正（外国会社－外国会社報告書）,10,715001,訂正有価証券報告書
108,XBRLの修正（外国会社－外国会社四半期報告書）,10,716001,訂正四半期報告書
109,XBRLの修正（外国会社－外国会社半期報告書）,10,717001,訂正半期報告書
110,XBRLの修正（外国会社－外国会社届出書）,10,718001,訂正有価証券届出書
111,届出の取下げ願い（二号、二号の二、二号の三、二号の五、二号の六様式）,10,990004,届出の取下げ願い
112,届出の取下げ願い（二号の四、二号の七様式）,10,991004,届出の取下げ願い
113,届出の取下げ願い（七号～七号の五様式）,10,992004,届出の取下げ願い
114,内部統制報告書,15,010000,内部統制報告書
115,訂正内部統制報告書,15,010001,訂正内部統制報告書
116,内部統制報告書,15,020000,内部統制報告書
117,訂正内部統制報告書,15,020001,訂正内部統制報告書
118,外国会社内部統制報告書,15,030000,内部統制報告書
119,訂正外国会社内部統制報告書,15,030001,訂正内部統制報告書
120,有価証券通知書,20,010000,有価証券通知書
121,変更有価証券通知書,20,010001,変更通知書（有価証券通知書）
122,有価証券届出書（通常方式）,20,020000,有価証券届出書
123,訂正有価証券届出書（通常方式）,20,020001,訂正有価証券届出書
124,有価証券届出書（組込方式）,20,022000,有価証券届出書
125,訂正有価証券届出書（組込方式）,20,022001,訂正有価証券届出書
126,有価証券届出書（参照方式）,20,023000,有価証券届出書
127,訂正有価証券届出書（参照方式）,20,023001,訂正有価証券届出書
128,外国者届出書,20,024000,有価証券届出書
129,外国者訂正届出書,20,024001,訂正有価証券届出書
130,有価証券報告書,20,030000,有価証券報告書
131,訂正有価証券報告書,20,030001,訂正有価証券報告書
132,有価証券報告書（法24条3項に基づくもの）,20,040000,有価証券報告書
133,訂正有価証券報告書（法24条3項に基づくもの）,20,040001,訂正有価証券報告書
134,外国者報告書,20,042000,有価証券報告書
135,外国者訂正報告書,20,042001,訂正有価証券報告書
136,外国者半期報告書,20,042100,半期報告書
137,外国者半期訂正報告書,20,042101,訂正半期報告書
138,半期報告書,20,050000,半期報告書
139,訂正半期報告書,20,050001,訂正半期報告書
140,発行登録書,20,060000,発行登録書
141,訂正発行登録書,20,070001,訂正発行登録書
142,発行登録取下届出書,20,080004,発行登録取下届出書
143,発行登録追補書類,20,090003,発行登録追補書類
144,変更発行登録通知書,20,100001,変更通知書（発行登録通知書）
145,発行登録通知書,20,100005,発行登録通知書
146,届出の取下げ願い,20,990004,届出の取下げ願い
147,臨時報告書,20,999000,臨時報告書
148,訂正臨時報告書,20,999001,訂正臨時報告書
149,外国者臨時報告書,20,999100,臨時報告書
150,訂正外国者臨時報告書,20,999101,訂正臨時報告書
151,有価証券通知書（内国投資信託受益証券）,30,01A000,有価証券通知書
152,変更有価証券通知書（内国投資信託受益証券）,30,01A001,変更通知書（有価証券通知書）
153,有価証券通知書（内国投資証券）,30,01B000,有価証券通知書
154,変更有価証券通知書（内国投資証券）,30,01B001,変更通知書（有価証券通知書）
155,有価証券通知書（外国投資信託受益証券）,30,01C000,有価証券通知書
156,変更有価証券通知書（外国投資信託受益証券）,30,01C001,変更通知書（有価証券通知書）
157,有価証券通知書（外国投資証券）,30,01D000,有価証券通知書
158,変更有価証券通知書（外国投資証券）,30,01D001,変更通知書（有価証券通知書）
159,変更有価証券通知書（外国貸付債権信託受益証券）,30,020001,変更通知書（有価証券通知書）
160,有価証券通知書（内国資産流動化証券）,30,022000,有価証券通知書
161,変更有価証券通知書（内国資産流動化証券）,30,022001,変更通知書（有価証券通知書）
162,有価証券通知書（外国資産流動化証券）,30,023000,有価証券通知書
163,変更有価証券通知書（外国資産流動化証券）,30,023001,変更通知書（有価証券通知書）
164,有価証券通知書（内国資産信託流動化受益証券）,30,024000,有価証券通知書
165,変更有価証券通知書（内国資産信託流動化受益証券）,30,024001,変更通知書（有価証券通知書）
166,有価証券通知書（外国資産信託流動化受益証券）,30,025000,有価証券通知書
167,変更有価証券通知書（外国資産信託流動化受益証券）,30,025001,変更通知書（有価証券通知書）
168,変更有価証券通知書（貸付債権信託受益権）,30,030001,変更通知書（有価証券通知書）
169,変更有価証券通知書（内国組合契約出資持分）,30,032001,変更通知書（有価証券通知書）
170,変更有価証券通知書（外国組合契約出資持分）,30,033001,変更通知書（有価証券通知書）
171,有価証券通知書（内国信託受益証券等）,30,03A000,有価証券通知書
172,変更有価証券通知書（内国信託受益証券等）,30,03A001,変更通知書（有価証券通知書）
173,有価証券通知書（外国信託受益証券等）,30,03B000,有価証券通知書
174,変更有価証券通知書（外国信託受益証券等）,30,03B001,変更通知書（有価証券通知書）
175,有価証券通知書（内国抵当証券）,30,03C000,有価証券通知書
176,変更有価証券通知書（内国抵当証券）,30,03C001,変更通知書（有価証券通知書）
177,有価証券通知書（外国抵当証券）,30,03D000,有価証券通知書
178,変更有価証券通知書（外国抵当証券）,30,03D001,変更通知書（有価証券通知書）
179,有価証券通知書（内国有価証券投資事業権利等）,30,03E000,有価証券通知書
180,変更有価証券通知書（内国有価証券投資事業権利等）,30,03E001,変更通知書（有価証券通知書）
181,有価証券通知書（外国有価証券投資事業権利等）,30,03F000,有価証券通知書
182,変更有価証券通知書（外国有価証券投資事業権利等）,30,03F001,変更通知書（有価証券通知書）
183,有価証券届出書（内国投資信託受益証券）,30,04A000,有価証券届出書
184,訂正有価証券届出書（内国投資信託受益証券）,30,04A001,訂正有価証券届出書
185,有価証券届出書（内国投資証券）,30,04B000,有価証券届出書
186,訂正有価証券届出書（内国投資証券）,30,04B001,訂正有価証券届出書
187,有価証券届出書（外国投資信託受益証券）,30,04C000,有価証券届出書
188,訂正有価証券届出書（外国投資信託受益証券）,30,04C001,訂正有価証券届出書
189,外国会社届出書（外国投資信託受益証券）,30,04C200,有価証券届出書
190,外国会社訂正届出書（外国投資信託受益証券）,30,04C201,訂正有価証券届出書
191,有価証券届出書（外国投資証券）,30,04D000,有価証券届出書
192,訂正有価証券届出書（外国投資証券）,30,04D001,訂正有価証券届出書
193,有価証券届出書（組込方式・内国投資証券）,30,04E000,有価証券届出書
194,訂正有価証券届出書（組込方式・内国投資証券）,30,04E001,訂正有価証券届出書
195,有価証券届出書（参照方式・内国投資証券）,30,04F000,有価証券届出書
196,訂正有価証券届出書（参照方式・内国投資証券）,30,04F001,訂正有価証券届出書
197,有価証券届出書（組込方式・外国投資証券）,30,04G000,有価証券届出書
198,訂正有価証券届出書（組込方式・外国投資証券）,30,04G001,訂正有価証券届出書
199,外国会社届出書（外国投資証券）,30,04G300,有価証券届出書
200,外国会社訂正届出書（外国投資証券）,30,04G301,訂正有価証券届出書
201,有価証券届出書（参照方式・外国投資証券）,30,04H000,有価証券届出書
202,訂正有価証券届出書（参照方式・外国投資証券）,30,04H001,訂正有価証券届出書
203,訂正有価証券届出書（外国貸付債権信託受益証券）,30,050001,訂正有価証券届出書
204,有価証券届出書（内国資産流動化証券）,30,052000,有価証券届出書
205,訂正有価証券届出書（内国資産流動化証券）,30,052001,訂正有価証券届出書
206,有価証券届出書（組込方式・特定内国資産流動化証券）,30,052200,有価証券届出書
207,訂正有価証券届出書（組込方式・特定内国資産流動化証券）,30,052201,訂正有価証券届出書
208,有価証券届出書（参照方式・特定内国資産流動化証券）,30,052300,有価証券届出書
209,訂正有価証券届出書（参照方式・特定内国資産流動化証券）,30,052301,訂正有価証券届出書
210,有価証券届出書（外国資産流動化証券）,30,053000,有価証券届出書
211,訂正有価証券届出書（外国資産流動化証券）,30,053001,訂正有価証券届出書
212,有価証券届出書（組込方式・特定外国資産流動化証券）,30,053200,有価証券届出書
213,訂正有価証券届出書（組込方式・特定外国資産流動化証券）,30,053201,訂正有価証券届出書
214,有価証券届出書（参照方式・特定外国資産流動化証券）,30,053300,有価証券届出書
215,訂正有価証券届出書（参照方式・特定外国資産流動化証券）,30,053301,訂正有価証券届出書
216,外国会社届出書（外国資産流動化証券）,30,053400,有価証券届出書
217,外国会社訂正届出書（外国資産流動化証券）,30,053401,訂正有価証券届出書
218,有価証券届出書（内国資産信託流動化受益証券）,30,054000,有価証券届出書
219,訂正有価証券届出書（内国資産信託流動化受益証券）,30,054001,訂正有価証券届出書
220,有価証券届出書（外国資産信託流動化受益証券）,30,055000,有価証券届出書
221,訂正有価証券届出書（外国資産信託流動化受益証券）,30,055001,訂正有価証券届出書
222,外国会社届出書（外国資産信託流動化証券）,30,055200,有価証券届出書
223,外国会社訂正届出書（外国資産信託流動化証券）,30,055201,訂正有価証券届出書
224,訂正有価証券届出書（貸付債権信託受益権）,30,060001,訂正有価証券届出書
225,訂正有価証券届出書（内国組合契約出資持分）,30,062001,訂正有価証券届出書
226,訂正有価証券届出書（外国組合契約出資持分）,30,063001,訂正有価証券届出書
227,有価証券届出書（内国信託受益証券等）,30,06A000,有価証券届出書
228,訂正有価証券届出書（内国信託受益証券等）,30,06A001,訂正有価証券届出書
229,有価証券届出書（外国信託受益証券等）,30,06B000,有価証券届出書
230,訂正有価証券届出書（外国信託受益証券等）,30,06B001,訂正有価証券届出書
231,外国会社届出書（外国信託受益証券）,30,06B200,有価証券届出書
232,外国会社訂正届出書（外国信託受益証券）,30,06B201,訂正有価証券届出書
233,有価証券届出書（内国抵当証券）,30,06C000,有価証券届出書
234,訂正有価証券届出書（内国抵当証券）,30,06C001,訂正有価証券届出書
235,有価証券届出書（外国抵当証券）,30,06D000,有価証券届出書
236,訂正有価証券届出書（外国抵当証券）,30,06D001,訂正有価証券届出書
237,外国会社届出書（外国抵当証券）,30,06D200,有価証券届出書
238,外国会社訂正届出書（外国抵当証券）,30,06D201,訂正有価証券届出書
239,有価証券届出書（内国有価証券投資事業権利等）,30,06E000,有価証券届出書
240,訂正有価証券届出書（内国有価証券投資事業権利等）,30,06E001,訂正有価証券届出書
241,有価証券届出書（外国有価証券投資事業権利等）,30,06F000,有価証券届出書
242,訂正有価証券届出書（外国有価証券投資事業権利等）,30,06F001,訂正有価証券届出書
243,外国会社届出書（外国有価証券投資事業権利等）,30,06F200,有価証券届出書
244,外国会社訂正届出書（外国有価証券投資事業権利等）,30,06F201,訂正有価証券届出書
245,有価証券報告書（内国投資信託受益証券）,30,06G000,有価証券報告書
246,訂正有価証券報告書（内国投資信託受益証券）,30,06G001,訂正有価証券報告書
247,訂正有価証券届出書（内国投資信託受益証券）,30,06G101,訂正有価証券届出書
248,訂正有価証券報告書（内国投資信託受益証券）,30,06G201,訂正有価証券報告書
249,有価証券報告書（外国投資信託受益証券）,30,06H000,有価証券報告書
250,訂正有価証券報告書（外国投資信託受益証券）,30,06H001,訂正有価証券報告書
251,訂正有価証券届出書（外国投資信託受益証券）,30,06H101,訂正有価証券届出書
252,訂正有価証券報告書（外国投資信託受益証券）,30,06H201,訂正有価証券報告書
253,有価証券報告書（内国信託受益証券等）,30,06I000,有価証券報告書
254,訂正有価証券報告書（内国信託受益証券等）,30,06I001,訂正有価証券報告書
255,訂正有価証券届出書（内国信託受益証券等）,30,06I101,訂正有価証券届出書
256,訂正有価証券報告書（内国信託受益証券等）,30,06I201,訂正有価証券報告書
257,有価証券報告書（外国信託受益証券等）,30,06J000,有価証券報告書
258,訂正有価証券報告書（外国信託受益証券等）,30,06J001,訂正有価証券報告書
259,訂正有価証券届出書（外国信託受益証券等）,30,06J101,訂正有価証券届出書
260,訂正有価証券報告書（外国信託受益証券等）,30,06J201,訂正有価証券報告書
261,有価証券報告書（内国投資信託受益証券）,30,07A000,有価証券報告書
262,訂正有価証券報告書（内国投資信託受益証券）,30,07A001,訂正有価証券報告書
263,有価証券報告書（内国投資証券）,30,07B000,有価証券報告書
264,訂正有価証券報告書（内国投資証券）,30,07B001,訂正有価証券報告書
265,有価証券報告書（外国投資信託受益証券）,30,07C000,有価証券報告書
266,訂正有価証券報告書（外国投資信託受益証券）,30,07C001,訂正有価証券報告書
267,有価証券報告書（外国投資証券）,30,07D000,有価証券報告書
268,訂正有価証券報告書（外国投資証券）,30,07D001,訂正有価証券報告書
269,外国会社報告書,30,07I000,有価証券報告書
270,外国会社訂正報告書,30,07I001,訂正有価証券報告書
271,有価証券報告書（外国貸付債権信託受益証券）,30,080000,有価証券報告書
272,訂正有価証券報告書（外国貸付債権信託受益証券）,30,080001,訂正有価証券報告書
273,有価証券報告書（内国資産流動化証券）,30,082000,有価証券報告書
274,訂正有価証券報告書（内国資産流動化証券）,30,082001,訂正有価証券報告書
275,有価証券報告書（外国資産流動化証券）,30,083000,有価証券報告書
276,訂正有価証券報告書（外国資産流動化証券）,30,083001,訂正有価証券報告書
277,有価証券報告書（内国資産信託流動化受益証券）,30,084000,有価証券報告書
278,訂正有価証券報告書（内国資産信託流動化受益証券）,30,084001,訂正有価証券報告書
279,有価証券報告書（外国資産信託流動化受益証券）,30,085000,有価証券報告書
280,訂正有価証券報告書（外国資産信託流動化受益証券）,30,085001,訂正有価証券報告書
281,有価証券報告書（貸付債権信託受益権）,30,090000,有価証券報告書
282,訂正有価証券報告書（貸付債権信託受益権）,30,090001,訂正有価証券報告書
283,有価証券報告書（内国組合契約出資持分）,30,092000,有価証券報告書
284,訂正有価証券報告書（内国組合契約出資持分）,30,092001,訂正有価証券報告書
285,有価証券報告書（外国組合契約出資持分）,30,093000,有価証券報告書
286,訂正有価証券報告書（外国組合契約出資持分）,30,093001,訂正有価証券報告書
287,有価証券報告書（内国信託受益証券等）,30,09A000,有価証券報告書
288,訂正有価証券報告書（内国信託受益証券等）,30,09A001,訂正有価証券報告書
289,有価証券報告書（外国信託受益証券等）,30,09B000,有価証券報告書
290,訂正有価証券報告書（外国信託受益証券等）,30,09B001,訂正有価証券報告書
291,有価証券報告書（内国抵当証券）,30,09C000,有価証券報告書
292,訂正有価証券報告書（内国抵当証券）,30,09C001,訂正有価証券報告書
293,有価証券報告書（外国抵当証券）,30,09D000,有価証券報告書
294,訂正有価証券報告書（外国抵当証券）,30,09D001,訂正有価証券報告書
295,有価証券報告書（内国有価証券投資事業権利等）,30,09E000,有価証券報告書
296,訂正有価証券報告書（内国有価証券投資事業権利等）,30,09E001,訂正有価証券報告書
297,有価証券報告書（外国有価証券投資事業権利等）,30,09F000,有価証券報告書
298,訂正有価証券報告書（外国有価証券投資事業権利等）,30,09F001,訂正有価証券報告書
299,半期報告書（内国投資信託受益証券）,30,10A000,半期報告書
300,訂正半期報告書（内国投資信託受益証券）,30,10A001,訂正半期報告書
301,半期報告書（内国投資証券）,30,10B000,半期報告書
302,訂正半期報告書（内国投資証券）,30,10B001,訂正半期報告書
303,半期報告書（外国投資信託受益証券）,30,10C000,半期報告書
304,訂正半期報告書（外国投資信託受益証券）,30,10C001,訂正半期報告書
305,半期報告書（外国投資証券）,30,10D000,半期報告書
306,訂正半期報告書（外国投資証券）,30,10D001,訂正半期報告書
307,外国会社半期報告書,30,10I000,半期報告書
308,外国会社半期訂正報告書（上場外国投資信託受益証券）,30,10I001,訂正半期報告書
309,半期報告書（外国貸付債権信託受益証券）,30,110000,半期報告書
310,訂正半期報告書（外国貸付債権信託受益証券）,30,110001,訂正半期報告書
311,半期報告書（内国資産流動化証券）,30,112000,半期報告書
312,訂正半期報告書（内国資産流動化証券）,30,112001,訂正半期報告書
313,半期報告書（外国資産流動化証券）,30,113000,半期報告書
314,訂正半期報告書（外国資産流動化証券）,30,113001,訂正半期報告書
315,半期報告書（内国資産信託流動化受益証券）,30,114000,半期報告書
316,訂正半期報告書（内国資産信託流動化受益証券）,30,114001,訂正半期報告書
317,半期報告書（外国資産信託流動化受益証券）,30,115000,半期報告書
318,訂正半期報告書（外国資産信託流動化受益証券）,30,115001,訂正半期報告書
319,半期報告書（貸付債権信託受益権）,30,120000,半期報告書
320,訂正半期報告書（貸付債権信託受益権）,30,120001,訂正半期報告書
321,半期報告書（内国組合契約出資持分）,30,122000,半期報告書
322,訂正半期報告書（内国組合契約出資持分）,30,122001,訂正半期報告書
323,半期報告書（外国組合契約出資持分）,30,123000,半期報告書
324,訂正半期報告書（外国組合契約出資持分）,30,123001,訂正半期報告書
325,半期報告書（内国信託受益証券等）,30,12A000,半期報告書
326,訂正半期報告書（内国信託受益証券等）,30,12A001,訂正半期報告書
327,半期報告書（外国信託受益証券等）,30,12B000,半期報告書
328,訂正半期報告書（外国信託受益証券等）,30,12B001,訂正半期報告書
329,半期報告書（内国抵当証券）,30,12C000,半期報告書
330,訂正半期報告書（内国抵当証券）,30,12C001,訂正半期報告書
331,半期報告書（外国抵当証券）,30,12D000,半期報告書
332,訂正半期報告書（外国抵当証券）,30,12D001,訂正半期報告書
333,半期報告書（内国有価証券投資事業権利等）,30,12E000,半期報告書
334,訂正半期報告書（内国有価証券投資事業権利等）,30,12E001,訂正半期報告書
335,半期報告書（外国有価証券投資事業権利等）,30,12F000,半期報告書
336,訂正半期報告書（外国有価証券投資事業権利等）,30,12F001,訂正半期報告書
337,発行登録書（内国投資証券）,30,150000,発行登録書
338,発行登録書（短期投資法人債）,30,152000,発行登録書
339,発行登録書（特定内国資産流動化証券）,30,15A000,発行登録書
340,発行登録書（外国投資証券）,30,160000,発行登録書
341,発行登録書（短期外債）,30,162000,発行登録書
342,発行登録書（特定外国資産流動化証券）,30,16A000,発行登録書
343,訂正発行登録書（内国投資証券）,30,170001,訂正発行登録書
344,訂正発行登録書（特定内国資産流動化証券）,30,172001,訂正発行登録書
345,訂正発行登録書（外国投資証券）,30,180001,訂正発行登録書
346,訂正発行登録書（特定外国資産流動化証券）,30,182001,訂正発行登録書
347,発行登録取下届出書（内国投資証券）,30,190004,発行登録取下届出書
348,発行登録取下届出書（特定内国資産流動化証券）,30,192004,発行登録取下届出書
349,発行登録取下届出書（外国投資証券）,30,200004,発行登録取下届出書
350,発行登録取下届出書（特定外国資産流動化証券）,30,202004,発行登録取下届出書
351,発行登録追補書類（内国投資証券）,30,210003,発行登録追補書類
352,発行登録追補書類（特定内国資産流動化証券）,30,212003,発行登録追補書類
353,発行登録追補書類（外国投資証券）,30,220003,発行登録追補書類
354,発行登録追補書類（特定外国資産流動化証券）,30,222003,発行登録追補書類
355,変更発行登録通知書（内国投資証券）,30,230001,変更通知書（発行登録通知書）
356,発行登録通知書（内国投資証券）,30,230005,発行登録通知書
357,変更発行登録通知書（特定内国資産流動化証券）,30,232001,変更通知書（発行登録通知書）
358,発行登録通知書（特定内国資産流動化証券）,30,232005,発行登録通知書
359,変更発行登録通知書（外国投資証券）,30,240001,変更通知書（発行登録通知書）
360,発行登録通知書（外国投資証券）,30,240005,発行登録通知書
361,変更発行登録通知書（特定外国資産流動化証券）,30,242001,変更通知書（発行登録通知書）
362,発行登録通知書（特定外国資産流動化証券）,30,242005,発行登録通知書
363,自己株券買付状況報告書（法２４条の６第１項に基づくもの）,30,253000,自己株券買付状況報告書
364,訂正自己株券買付状況報告書（法２４条の６第１項に基づくもの）,30,253001,訂正自己株券買付状況報告書
365,XBRLの修正（特定有価証券－有価証券届出書）,30,701001,訂正有価証券届出書
366,XBRLの修正（特定有価証券－有価証券報告書）,30,702001,訂正有価証券報告書
367,XBRLの修正（特定有価証券－半期報告書）,30,706001,訂正半期報告書
368,XBRLの修正（特定有価証券－外国会社報告書）,30,707001,訂正有価証券報告書
369,XBRLの修正（特定有価証券－外国会社半期報告書）,30,708001,訂正半期報告書
370,XBRLの修正（特定有価証券－外国会社届出書）,30,709001,訂正有価証券届出書
371,届出の取下げ願い（四号、四号の三、四号の三の二、四号の三の三、五号の二、六号の五様式）,30,990004,届出の取下げ願い
372,届出の取下げ願い（六号の三、六号の四、六号の四の二様式）,30,991004,届出の取下げ願い
373,届出の取下げ願い（四号の二、四号の二の二、四号の四、四号の四の二、四号の四の三、五号様式）,30,992004,届出の取下げ願い
374,届出の取下げ願い（五号の三、五号の三の四、六号の六、六号の六の二様式）,30,993004,届出の取下げ願い
375,届出の取下げ願い（五号の四、六号様式）,30,994004,届出の取下げ願い
376,臨時報告書（内国特定有価証券）,30,995000,臨時報告書
377,訂正臨時報告書（内国特定有価証券）,30,995001,訂正臨時報告書
378,届出の取下げ願い（五号の五、五号の五の二、六号の二、六号の二の二様式）,30,995004,届出の取下げ願い
379,届出の取下げ願い（第五号の二のニ様式、第五号のニの三様式）,30,996004,届出の取下げ願い
380,届出の取下げ願い（第五号の三のニ様式、第五号の三の三様式）,30,997004,届出の取下げ願い
381,臨時報告書（外国特定有価証券）,30,999000,臨時報告書
382,訂正臨時報告書（外国特定有価証券）,30,999001,訂正臨時報告書
383,外国会社臨時報告書（外国特定有価証券）,30,999100,臨時報告書
384,訂正外国会社臨時報告書（外国特定有価証券）,30,999101,訂正臨時報告書
385,公開買付届出書,40,020000,公開買付届出書
386,訂正公開買付届出書,40,020001,訂正公開買付届出書
387,別途買付け禁止の特例を受けるための申出書,40,030000,別途買付け禁止の特例を受けるための申出書
388,訂正別途買付け禁止の特例を受けるための申出書,40,030001,訂正別途買付け禁止の特例を受けるための申出書
389,意見表明報告書,40,040000,意見表明報告書
390,訂正意見表明報告書,40,040001,訂正意見表明報告書
391,公開買付撤回届出書,40,050006,公開買付撤回届出書
392,訂正公開買付報告書,40,060001,訂正公開買付報告書
393,公開買付報告書,40,060007,公開買付報告書
394,訂正対質問回答報告書,40,080001,訂正対質問回答報告書
395,対質問回答報告書,40,080008,対質問回答報告書
396,公開買付届出書,50,020000,公開買付届出書
397,訂正公開買付届出書,50,020001,訂正公開買付届出書
398,公開買付撤回届出書,50,030006,公開買付撤回届出書
399,訂正公開買付報告書,50,040001,訂正公開買付報告書
400,公開買付報告書,50,040007,公開買付報告書
401,大量保有報告書,60,010000,大量保有報告書
402,変更報告書,60,010002,大量保有報告書
403,変更報告書（短期大量譲渡）,60,020002,大量保有報告書
404,大量保有報告書（特例対象株券等）,60,030000,大量保有報告書
405,変更報告書（特例対象株券等）,60,030002,大量保有報告書
406,基準日の届出書,60,040000,基準日の届出書
407,基準日等の変更届出書,60,040001,変更の届出書
408,訂正報告書（大量保有報告書・変更報告書）,60,090001,訂正大量保有報告書
